name,model_id/id,group_id:id,perm_read,perm_write,perm_create,perm_unlink
ir_attachment all,base.model_ir_attachment,group_all_companies_user,1,0,0,0
ir_attachment group_user,base.model_ir_attachment,group_all_companies_user,1,0,0,0
ir_cron group_cron,base.model_ir_cron,group_all_companies_user,1,0,0,0
ir_cron user,base.model_ir_cron,group_all_companies_user,1,0,0,0
ir_default group_system,base.model_ir_default,group_all_companies_user,1,0,0,0
ir_exports group_system,base.model_ir_exports,group_all_companies_user,1,0,0,0
ir_exports_line group_system,base.model_ir_exports_line,group_all_companies_user,1,0,0,0
ir_fields_converter,base.model_ir_fields_converter,group_all_companies_user,1,0,0,0
ir_model group_erp_manager,base.model_ir_model,group_all_companies_user,1,0,0,0
ir_model_constraint group_erp_manager,base.model_ir_model_constraint,group_all_companies_user,1,0,0,0
ir_model_relation group_erp_manager,base.model_ir_model_relation,group_all_companies_user,1,0,0,0
ir_model_access_group_erp_manager,base.model_ir_model_access,group_all_companies_user,1,0,0,0
ir_model_data group_erp_manager,base.model_ir_model_data,group_all_companies_user,1,0,0,0
ir_model_fields group_erp_manager,base.model_ir_model_fields,group_all_companies_user,1,0,0,0
ir_model_all,base.model_ir_model,group_all_companies_user,1,0,0,0
ir_model_constraint,base.model_ir_model_constraint,group_all_companies_user,1,0,0,0
ir_model_relation,base.model_ir_model_relation,group_all_companies_user,1,0,0,0
ir_model_access_all,base.model_ir_model_access,group_all_companies_user,1,0,0,0
ir_model_data all,base.model_ir_model_data,group_all_companies_user,1,0,0,0
ir_model_fields all,base.model_ir_model_fields,group_all_companies_user,1,0,0,0
ir_module_category group_user,base.model_ir_module_category,group_all_companies_user,1,0,0,0
ir_module_module group_user,base.model_ir_module_module,group_all_companies_user,1,0,0,0
ir_module_module user,base.model_ir_module_module,group_all_companies_user,1,0,0,0
ir_module_module_dependency group_system,base.model_ir_module_module_dependency,group_all_companies_user,1,0,0,0
ir_module_module_dependency all,base.model_ir_module_module_dependency,group_all_companies_user,1,0,0,0
ir_property group_user,base.model_ir_property,group_all_companies_user,1,0,0,0
ir_property group_manager,base.model_ir_property,group_all_companies_user,1,0,0,0
ir_rule group_user,base.model_ir_rule,group_all_companies_user,1,0,0,0
ir_rule group_erp_manager,base.model_ir_rule,group_all_companies_user,1,0,0,0
ir_sequence group_user,account.model_ir_sequence,group_all_companies_user,1,0,0,0
ir_sequence group_system,account.model_ir_sequence,group_all_companies_user,1,0,0,0
ir_sequence_type group_user,base.model_ir_sequence_type,group_all_companies_user,1,0,0,0
ir_sequence_type group_system,base.model_ir_sequence_type,group_all_companies_user,1,0,0,0
ir_translation all,base.model_ir_translation,group_all_companies_user,1,0,0,0
ir_translation group_system,base.model_ir_translation,group_all_companies_user,1,0,0,0
ir_ui_menu group_user,base.model_ir_ui_menu,group_all_companies_user,1,0,0,0
ir_ui_menu group_system,base.model_ir_ui_menu,group_all_companies_user,1,0,0,0
ir_ui_view group_user,base.model_ir_ui_view,group_all_companies_user,1,0,0,0
ir_ui_view group_system,base.model_ir_ui_view,group_all_companies_user,1,0,0,0
ir_ui_view_custom_group_user,base.model_ir_ui_view_custom,group_all_companies_user,1,0,0,0
ir_ui_view_sc group_user,base.model_ir_ui_view_sc,group_all_companies_user,1,0,0,0
ir_values group_all,base.model_ir_values,group_all_companies_user,1,0,0,0
res_company group_erp_manager,account.model_res_company,group_all_companies_user,1,0,0,0
res_company group_user,account.model_res_company,group_all_companies_user,1,0,0,0
res_country group_user_all,base.model_res_country,group_all_companies_user,1,0,0,0
res_country_state group_user_all,base.model_res_country_state,group_all_companies_user,1,0,0,0
res_country group_user,base.model_res_country,group_all_companies_user,1,0,0,0
res_country_state group_user,base.model_res_country_state,group_all_companies_user,1,0,0,0
res_currency group_all,account.model_res_currency,group_all_companies_user,1,0,0,0
res_currency_rate group_all,base.model_res_currency_rate,group_all_companies_user,1,0,0,0
res_currency_rate_type group_all,base.model_res_currency_rate_type,group_all_companies_user,1,0,0,0
res_currency group_system,account.model_res_currency,group_all_companies_user,1,0,0,0
res_currency_rate group_system,base.model_res_currency_rate,group_all_companies_user,1,0,0,0
res_groups group_erp_manager,base.model_res_groups,group_all_companies_user,1,0,0,0
res_groups group_user,base.model_res_groups,group_all_companies_user,1,0,0,0
res_lang group_all,base.model_res_lang,group_all_companies_user,1,0,0,0
res_lang group_user,base.model_res_lang,group_all_companies_user,1,0,0,0
res_partner group_partner_manager,account.model_res_partner,group_all_companies_user,1,0,0,0
res_partner group_user,account.model_res_partner,group_all_companies_user,1,0,0,0
res_partner_bank group_user,account.model_res_partner_bank,group_all_companies_user,1,0,0,0
res_partner_bank group_partner_manager,account.model_res_partner_bank,group_all_companies_user,1,0,0,0
res_partner_bank_type group_partner_manager,base.model_res_partner_bank_type,group_all_companies_user,1,0,0,0
res_partner_bank_type group_user,base.model_res_partner_bank_type,group_all_companies_user,1,0,0,0
res_partner_bank_type_field group_partner_manager,base.model_res_partner_bank_type_field,group_all_companies_user,1,0,0,0
res_partner_bank_type_field group_user,base.model_res_partner_bank_type_field,group_all_companies_user,1,0,0,0
res_partner_category group_user,base.model_res_partner_category,group_all_companies_user,1,0,0,0
res_partner_category group_partner_manager,base.model_res_partner_category,group_all_companies_user,1,0,0,0
res_partner_title group_user,base.model_res_partner_title,group_all_companies_user,1,0,0,0
res_partner_title group_partner_manager,base.model_res_partner_title,group_all_companies_user,1,0,0,0
res_request group_user,base.model_res_request,group_all_companies_user,1,0,0,0
res_request_history group_user,base.model_res_request_history,group_all_companies_user,1,0,0,0
res_request group_user all,base.model_res_request,group_all_companies_user,1,0,0,0
res_request_history group_user all,base.model_res_request_history,group_all_companies_user,1,0,0,0
res_request_link group_system,base.model_res_request_link,group_all_companies_user,1,0,0,0
res_request_link group_user,base.model_res_request_link,group_all_companies_user,1,0,0,0
res_users all,auth_ldap.model_res_users,group_all_companies_user,1,0,0,0
res_users group_erp_manager,auth_ldap.model_res_users,group_all_companies_user,1,0,0,0
ir_actions_all,base.model_ir_actions_actions,group_all_companies_user,1,0,0,0
ir_actions_group_system,base.model_ir_actions_actions,group_all_companies_user,1,0,0,0
ir_actions_act_window_all,base.model_ir_actions_act_window,group_all_companies_user,1,0,0,0
ir_actions_act_window_system,base.model_ir_actions_act_window,group_all_companies_user,1,0,0,0
ir_actions_act_window_close_all,base.model_ir_actions_act_window_close,group_all_companies_user,1,0,0,0
ir_actions_act_window_close_group_system,base.model_ir_actions_act_window_close,group_all_companies_user,1,0,0,0
ir_actions_report_xml,base.model_ir_actions_report_xml,group_all_companies_user,1,0,0,0
ir_actions_report_xml_group_system,base.model_ir_actions_report_xml,group_all_companies_user,1,0,0,0
ir_actions_wizard,base.model_ir_actions_wizard,group_all_companies_user,1,0,0,0
ir_actions_wizard_group_system,base.model_ir_actions_wizard,group_all_companies_user,1,0,0,0
ir_actions_todo group system,base.model_ir_actions_todo,group_all_companies_user,1,0,0,0
workflow_all,base.model_workflow,group_all_companies_user,1,0,0,0
workflow_group_system,base.model_workflow,group_all_companies_user,1,0,0,0
workflow_activity_all,base.model_workflow_activity,group_all_companies_user,1,0,0,0
workflow_activity_group_system,base.model_workflow_activity,group_all_companies_user,1,0,0,0
workflow_instance_all,base.model_workflow_instance,group_all_companies_user,1,0,0,0
workflow_transition_all,base.model_workflow_transition,group_all_companies_user,1,0,0,0
workflow_transition_group_system,base.model_workflow_transition,group_all_companies_user,1,0,0,0
workflow_triggers_all,base.model_workflow_triggers,group_all_companies_user,1,0,0,0
workflow_triggers_group_system,base.model_workflow_triggers,group_all_companies_user,1,0,0,0
workflow_workitem_all,base.model_workflow_workitem,group_all_companies_user,1,0,0,0
ir_actions_act_window_view_all,base.model_ir_actions_act_window_view,group_all_companies_user,1,0,0,0
ir_actions_act_window_view_group_system,base.model_ir_actions_act_window_view,group_all_companies_user,1,0,0,0
ir_actions_act_url_all,base.model_ir_actions_act_url,group_all_companies_user,1,0,0,0
ir_actions_act_url_group_system,base.model_ir_actions_act_url,group_all_companies_user,1,0,0,0
ir_server_object_lines_all,base.model_ir_server_object_lines,group_all_companies_user,1,0,0,0
ir_server_object_lines_group_system,base.model_ir_server_object_lines,group_all_companies_user,1,0,0,0
ir_actions_server_all,base.model_ir_actions_server,group_all_companies_user,1,0,0,0
ir_actions_server_group_system,base.model_ir_actions_server,group_all_companies_user,1,0,0,0
res_bank_group_system,base.model_res_bank,group_all_companies_user,1,0,0,0
res_bank_group_partner_manager,base.model_res_bank,group_all_companies_user,1,0,0,0
res_bank user,base.model_res_bank,group_all_companies_user,1,0,0,0
multi_company_default all,base.model_multi_company_default,group_all_companies_user,1,0,0,0
multi_company_default Manager,base.model_multi_company_default,group_all_companies_user,1,0,0,0
ir_filters all,base.model_ir_filters,group_all_companies_user,1,0,0,0
ir_filters employee,base.model_ir_filters,group_all_companies_user,1,0,0,0
ir_filters_all,base.model_ir_filters,group_all_companies_user,1,0,0,0
ir_config_parameter,base.model_ir_config_parameter,group_all_companies_user,1,0,0,0
ir_mail_server,base.model_ir_mail_server,group_all_companies_user,1,0,0,0
ir_actions_client all,base.model_ir_actions_client,group_all_companies_user,1,0,0,0
ir_needaction_mixin,base.model_ir_needaction_mixin,group_all_companies_user,1,0,0,0
process.process,process.model_process_process,group_all_companies_user,1,0,0,0
process.node,process.model_process_node,group_all_companies_user,1,0,0,0
process.transition,process.model_process_transition,group_all_companies_user,1,0,0,0
process.transition.action,process.model_process_transition_action,group_all_companies_user,1,0,0,0
process.condition,process.model_process_condition,group_all_companies_user,1,0,0,0
board.board,board.model_board_board,group_all_companies_user,1,0,0,0
decimal.precision configuration,decimal_precision.model_decimal_precision,group_all_companies_user,1,0,0,0
decimal.precision,decimal_precision.model_decimal_precision,group_all_companies_user,1,0,0,0
mail.message.all,base_calendar.model_mail_message,group_all_companies_user,1,0,0,0
mail.message.user,base_calendar.model_mail_message,group_all_companies_user,1,0,0,0
mail.mail.all,fetchmail.model_mail_mail,group_all_companies_user,1,0,0,0
mail.mail.user,fetchmail.model_mail_mail,group_all_companies_user,1,0,0,0
mail.mail.system,fetchmail.model_mail_mail,group_all_companies_user,1,0,0,0
mail.followers.all,mail.model_mail_followers,group_all_companies_user,1,0,0,0
mail.followers.user,mail.model_mail_followers,group_all_companies_user,1,0,0,0
mail.followers.system,mail.model_mail_followers,group_all_companies_user,1,0,0,0
mail.notification.all,mail.model_mail_notification,group_all_companies_user,1,0,0,0
mail.notification.user,mail.model_mail_notification,group_all_companies_user,1,0,0,0
mail.notification.system,mail.model_mail_notification,group_all_companies_user,1,0,0,0
mail.group.all,mail.model_mail_group,group_all_companies_user,1,0,0,0
mail.group.user,mail.model_mail_group,group_all_companies_user,1,0,0,0
mail.alias.all,mail.model_mail_alias,group_all_companies_user,1,0,0,0
mail.alias.user,mail.model_mail_alias,group_all_companies_user,1,0,0,0
mail.alias.system,mail.model_mail_alias,group_all_companies_user,1,0,0,0
mail.message.subtype.all,mail.model_mail_message_subtype,group_all_companies_user,1,0,0,0
mail.message.subtype.system,mail.model_mail_message_subtype,group_all_companies_user,1,0,0,0
mail.thread.all,mail.model_mail_thread,group_all_companies_user,1,0,0,0
publisher.warranty.contract.all,mail.model_publisher_warranty_contract,group_all_companies_user,1,0,0,0
email.template,email_template.model_email_template,group_all_companies_user,1,0,0,0
email.template system,email_template.model_email_template,group_all_companies_user,1,0,0,0
fetchmail.server,fetchmail.model_fetchmail_server,group_all_companies_user,1,0,0,0
product.uom.categ.user,product.model_product_uom_categ,group_all_companies_user,1,0,0,0
product.uom.user,product.model_product_uom,group_all_companies_user,1,0,0,0
product.ul.user,product.model_product_ul,group_all_companies_user,1,0,0,0
product.category.user,account.model_product_category,group_all_companies_user,1,0,0,0
product.template.user,account.model_product_template,group_all_companies_user,1,0,0,0
product.packaging.user,product.model_product_packaging,group_all_companies_user,1,0,0,0
product.supplierinfo.user,product.model_product_supplierinfo,group_all_companies_user,1,0,0,0
pricelist.partnerinfo.user,product.model_pricelist_partnerinfo,group_all_companies_user,1,0,0,0
product.price.type.user,product.model_product_price_type,group_all_companies_user,1,0,0,0
product.pricelist.type.user,product.model_product_pricelist_type,group_all_companies_user,1,0,0,0
product.pricelist.user,product.model_product_pricelist,group_all_companies_user,1,0,0,0
product.pricelist.version.user,product.model_product_pricelist_version,group_all_companies_user,1,0,0,0
product.pricelist.item.user,product.model_product_pricelist_item,group_all_companies_user,1,0,0,0
product.pricelist.type partner manager,product.model_product_pricelist_type,group_all_companies_user,1,0,0,0
product.pricelist partner manager,product.model_product_pricelist,group_all_companies_user,1,0,0,0
product.product employee,drishti_crms.model_product_product,group_all_companies_user,1,0,0,0
product.template salemanager,account.model_product_template,group_all_companies_user,1,0,0,0
product.product salemanager,drishti_crms.model_product_product,group_all_companies_user,1,0,0,0
product.category salemanager,account.model_product_category,group_all_companies_user,1,0,0,0
product.product.account.user,drishti_crms.model_product_product,group_all_companies_user,1,0,0,0
account.payment.term,account.model_account_payment_term,group_all_companies_user,1,0,0,0
account.payment.term.line,account.model_account_payment_term_line,group_all_companies_user,1,0,0,0
account.account.type,account.model_account_account_type,group_all_companies_user,1,0,0,0
account.tax internal user,account.model_account_tax,group_all_companies_user,1,0,0,0
account.account,account.model_account_account,group_all_companies_user,1,0,0,0
account.account user,account.model_account_account,group_all_companies_user,1,0,0,0
account.account partner manager,account.model_account_account,group_all_companies_user,1,0,0,0
account.journal.period manager,account.model_account_journal_period,group_all_companies_user,1,0,0,0
account.tax.code,account.model_account_tax_code,group_all_companies_user,1,0,0,0
account.tax,account.model_account_tax,group_all_companies_user,1,0,0,0
account.model,account.model_account_model,group_all_companies_user,1,0,0,0
account.model.line,account.model_account_model_line,group_all_companies_user,1,0,0,0
account.subscription,account.model_account_subscription,group_all_companies_user,1,0,0,0
account.subscription.line,account.model_account_subscription_line,group_all_companies_user,1,0,0,0
account.subscription manager,account.model_account_subscription,group_all_companies_user,1,0,0,0
account.subscription.line manager,account.model_account_subscription_line,group_all_companies_user,1,0,0,0
account.account.template,account.model_account_account_template,group_all_companies_user,1,0,0,0
account.tax.code.template,account.model_account_tax_code_template,group_all_companies_user,1,0,0,0
account.chart.template,account.model_account_chart_template,group_all_companies_user,1,0,0,0
account.tax.template,account.model_account_tax_template,group_all_companies_user,1,0,0,0
account.bank.statement,account.model_account_bank_statement,group_all_companies_user,1,0,0,0
account.bank.statement.line,account.model_account_bank_statement_line,group_all_companies_user,1,0,0,0
account.analytic.line manager,account.model_account_analytic_line,group_all_companies_user,1,0,0,0
account.analytic.account,afras_import_analitical_account.model_account_analytic_account,group_all_companies_user,1,0,0,0
account.analytic.journal,account.model_account_analytic_journal,group_all_companies_user,1,0,0,0
account.analytic.journal,account.model_account_analytic_journal,group_all_companies_user,1,0,0,0
account.invoice,account.model_account_invoice,group_all_companies_user,1,0,0,0
account.invoice.line,account.model_account_invoice_line,group_all_companies_user,1,0,0,0
account.invoice.tax,account.model_account_invoice_tax,group_all_companies_user,1,0,0,0
account.move,account.model_account_move,group_all_companies_user,1,0,0,0
account.move.line invoice,account.model_account_move_line,group_all_companies_user,1,0,0,0
account.move.reconcile,account.model_account_move_reconcile,group_all_companies_user,1,0,0,0
account.journal.period,account.model_account_journal_period,group_all_companies_user,1,0,0,0
account.payment.term,account.model_account_payment_term,group_all_companies_user,1,0,0,0
account.payment.term.line,account.model_account_payment_term_line,group_all_companies_user,1,0,0,0
account.tax,account.model_account_tax,group_all_companies_user,1,0,0,0
account.journal,account.model_account_journal,group_all_companies_user,1,0,0,0
account.journal invoice,account.model_account_journal,group_all_companies_user,1,0,0,0
account.period,account.model_account_period,group_all_companies_user,1,0,0,0
account.period invoice,account.model_account_period,group_all_companies_user,1,0,0,0
account.invoice group invoice,account.model_account_invoice,group_all_companies_user,1,0,0,0
account.analytic.journal,account.model_account_analytic_journal,group_all_companies_user,1,0,0,0
account.fiscalyear,account.model_account_fiscalyear,group_all_companies_user,1,0,0,0
account.fiscalyear.invoice,account.model_account_fiscalyear,group_all_companies_user,1,0,0,0
account.fiscalyear.partnermanager,account.model_account_fiscalyear,group_all_companies_user,1,0,0,0
account.fiscalyear employee,account.model_account_fiscalyear,group_all_companies_user,1,0,0,0
res.currency account manager,account.model_res_currency,group_all_companies_user,1,0,0,0
res.currency.rate account manager,base.model_res_currency_rate,group_all_companies_user,1,0,0,0
res.currency.rate.type account manager,base.model_res_currency_rate_type,group_all_companies_user,1,0,0,0
account.invoice.line user,account.model_account_invoice_line,group_all_companies_user,1,0,0,0
account.payment.term partner manager,account.model_account_payment_term,group_all_companies_user,1,0,0,0
account.payment.term.line partner manager,account.model_account_payment_term_line,group_all_companies_user,1,0,0,0
account.account sale manager,account.model_account_account,group_all_companies_user,1,0,0,0
account.fiscal.position account.manager,account.model_account_fiscal_position,group_all_companies_user,1,0,0,0
account.fiscal.position.tax account.manager,account.model_account_fiscal_position_tax,group_all_companies_user,1,0,0,0
account.fiscal.position account.manager,account.model_account_fiscal_position_account,group_all_companies_user,1,0,0,0
account.fiscal.position all,account.model_account_fiscal_position,group_all_companies_user,1,0,0,0
account.fiscal.position.tax all,account.model_account_fiscal_position_tax,group_all_companies_user,1,0,0,0
account.fiscal.position all,account.model_account_fiscal_position_account,group_all_companies_user,1,0,0,0
account.fiscal.position.template,account.model_account_fiscal_position_template,group_all_companies_user,1,0,0,0
account.fiscal.position.tax.template,account.model_account_fiscal_position_tax_template,group_all_companies_user,1,0,0,0
account.fiscal.position.account.template,account.model_account_fiscal_position_account_template,group_all_companies_user,1,0,0,0
account.sequence.fiscalyear user,account.model_account_sequence_fiscalyear,group_all_companies_user,1,0,0,0
temp.range,account.model_temp_range,group_all_companies_user,1,0,0,0
report.aged.receivable,account.model_report_aged_receivable,group_all_companies_user,1,0,0,0
report.invoice.created,account.model_report_invoice_created,group_all_companies_user,1,0,0,0
report.account_type.sales,account.model_report_account_type_sales,group_all_companies_user,1,0,0,0
report.account.sales,account.model_report_account_sales,group_all_companies_user,1,0,0,0
account.invoice.report,account.model_account_invoice_report,group_all_companies_user,1,0,0,0
res_partner group_account_manager,account.model_res_partner,group_all_companies_user,1,0,0,0
account.invoice accountant,account.model_account_invoice,group_all_companies_user,1,0,0,0
account.tax.code accountant,account.model_account_tax_code,group_all_companies_user,1,0,0,0
account.move.line manager,account.model_account_move_line,group_all_companies_user,1,0,0,0
account.move manager,account.model_account_move,group_all_companies_user,1,0,0,0
account.entries.report,account.model_account_entries_report,group_all_companies_user,1,0,0,0
account.entries.report,account.model_account_entries_report,group_all_companies_user,1,0,0,0
account.entries.report employee,account.model_account_entries_report,group_all_companies_user,1,0,0,0
analytic.entries.report,account.model_analytic_entries_report,group_all_companies_user,1,0,0,0
account.cashbox.line,account.model_account_cashbox_line,group_all_companies_user,1,0,0,0
account.journal.cashbox.line,account.model_account_journal_cashbox_line,group_all_companies_user,1,0,0,0
account.invoice.tax accountant,account.model_account_invoice_tax,group_all_companies_user,1,0,0,0
account.move.reconcile manager,account.model_account_move_reconcile,group_all_companies_user,1,0,0,0
account.analytic.line invoice,account.model_account_analytic_line,group_all_companies_user,1,0,0,0
account.invoice.line accountant,account.model_account_invoice_line,group_all_companies_user,1,0,0,0
account.account invoice,account.model_account_account,group_all_companies_user,1,0,0,0
account.analytic.account accountant,afras_import_analitical_account.model_account_analytic_account,group_all_companies_user,1,0,0,0
account.account.type invoice,account.model_account_account_type,group_all_companies_user,1,0,0,0
report.account.receivable.invoice,account.model_report_account_receivable,group_all_companies_user,1,0,0,0
account.sequence.fiscalyear invoice,account.model_account_sequence_fiscalyear,group_all_companies_user,1,0,0,0
account.tax sale manager,account.model_account_tax,group_all_companies_user,1,0,0,0
account.journal sale manager,account.model_account_journal,group_all_companies_user,1,0,0,0
account.invoice.tax  sale manager,account.model_account_invoice_tax,group_all_companies_user,1,0,0,0
account.sequence.fiscalyear.sale.user,account.model_account_sequence_fiscalyear,group_all_companies_user,1,0,0,0
account.sequence.fiscalyear.sale.manager,account.model_account_sequence_fiscalyear,group_all_companies_user,1,0,0,0
account.treasury.report.manager,account.model_account_treasury_report,group_all_companies_user,1,0,0,0
account.financial.report,account.model_account_financial_report,group_all_companies_user,1,0,0,0
account.financial.report invoice,account.model_account_financial_report,group_all_companies_user,1,0,0,0
mail.message.portal,base_calendar.model_mail_message,group_all_companies_user,1,0,0,0
mail.mail.portal,fetchmail.model_mail_mail,group_all_companies_user,1,0,0,0
mail.notification.portal,mail.model_mail_notification,group_all_companies_user,1,0,0,0
mail.followers.portal,mail.model_mail_followers,group_all_companies_user,1,0,0,0
res.partner,account.model_res_partner,group_all_companies_user,1,0,0,0
portal.payment.acquirer,portal.model_portal_payment_acquirer,group_all_companies_user,1,0,0,0
portal.payment.acquirer,portal.model_portal_payment_acquirer,group_all_companies_user,1,0,0,0
ir.attachment group_portal,base.model_ir_attachment,group_all_companies_user,1,0,0,0
account.voucher,account_voucher.model_account_voucher,group_all_companies_user,1,0,0,0
account.voucher.line,account_voucher.model_account_voucher_line,group_all_companies_user,1,0,0,0
account.voucher invoice,account_voucher.model_account_voucher,group_all_companies_user,1,0,0,0
account.voucher.line invoice,account_voucher.model_account_voucher_line,group_all_companies_user,1,0,0,0
account.sale.receipt.report,account_voucher.model_sale_receipt_report,group_all_companies_user,1,0,0,0
account.sale.receipt.report,account_voucher.model_sale_receipt_report,group_all_companies_user,1,0,0,0
fleet_vehicle_model_access_right,crms_oe_connect.model_fleet_vehicle_model,group_all_companies_user,1,0,0,0
fleet_vehicle_tag_access_right,fleet.model_fleet_vehicle_tag,group_all_companies_user,1,0,0,0
fleet_vehicle_state_access_right,fleet.model_fleet_vehicle_state,group_all_companies_user,1,0,0,0
fleet_vehicle_model_brand_access_right,crms_oe_connect.model_fleet_vehicle_model_brand,group_all_companies_user,1,0,0,0
"fleet_vehicle_access_right""",crms_oe_connect.model_fleet_vehicle,group_all_companies_user,1,0,0,0
fleet_vehicle_log_services_access_right,fleet.model_fleet_vehicle_log_services,group_all_companies_user,1,0,0,0
fleet_vehicle_log_contract_access_right,fleet.model_fleet_vehicle_log_contract,group_all_companies_user,1,0,0,0
fleet_service_type_access_right,fleet.model_fleet_service_type,group_all_companies_user,1,0,0,0
access_fleet_vehicle_cost,fleet.model_fleet_vehicle_cost,group_all_companies_user,1,0,0,0
access_fleet_contract_state,fleet.model_fleet_contract_state,group_all_companies_user,1,0,0,0
fleet_vehicle_model_access_right,crms_oe_connect.model_fleet_vehicle_model,group_all_companies_user,1,0,0,0
fleet_vehicle_tag_access_right,fleet.model_fleet_vehicle_tag,group_all_companies_user,1,0,0,0
fleet_vehicle_state_access_right,fleet.model_fleet_vehicle_state,group_all_companies_user,1,0,0,0
fleet_vehicle_odometer_access_right,crms_oe_connect.model_fleet_vehicle_odometer,group_all_companies_user,1,0,0,0
fleet_vehicle_model_brand_access_right,crms_oe_connect.model_fleet_vehicle_model_brand,group_all_companies_user,1,0,0,0
fleet_vehicle_access_right,crms_oe_connect.model_fleet_vehicle,group_all_companies_user,1,0,0,0
fleet_vehicle_log_fuel_access_right,fleet.model_fleet_vehicle_log_fuel,group_all_companies_user,1,0,0,0
fleet_vehicle_log_services_access_right,fleet.model_fleet_vehicle_log_services,group_all_companies_user,1,0,0,0
fleet_vehicle_log_contract_access_right,fleet.model_fleet_vehicle_log_contract,group_all_companies_user,1,0,0,0
fleet_service_type_access_right,fleet.model_fleet_service_type,group_all_companies_user,1,0,0,0
access_fleet_vehicle_cost,fleet.model_fleet_vehicle_cost,group_all_companies_user,1,0,0,0
access_fleet_contract_state,fleet.model_fleet_contract_state,group_all_companies_user,1,0,0,0
sale.shop,crms_oe_connect.model_sale_shop,group_all_companies_user,1,0,0,0
sale.order,portal_sale.model_sale_order,group_all_companies_user,1,0,0,0
sale.order.line,sale.model_sale_order_line,group_all_companies_user,1,0,0,0
sale.order.line accountant,sale.model_sale_order_line,group_all_companies_user,1,0,0,0
account_invoice_tax salesman,account.model_account_invoice_tax,group_all_companies_user,1,0,0,0
account_invoice salesman,account.model_account_invoice,group_all_companies_user,1,0,0,0
account_invoice manager,account.model_account_invoice,group_all_companies_user,1,0,0,0
account_invoice.line salesman,account.model_account_invoice_line,group_all_companies_user,1,0,0,0
account_payment_term salesman,account.model_account_payment_term,group_all_companies_user,1,0,0,0
account_analytic_account salesman,afras_import_analitical_account.model_account_analytic_account,group_all_companies_user,1,0,0,0
sale.order.manager,portal_sale.model_sale_order,group_all_companies_user,1,0,0,0
sale.order.accountant,portal_sale.model_sale_order,group_all_companies_user,1,0,0,0
sale.report,sale.model_sale_report,group_all_companies_user,1,0,0,0
sale.report,sale.model_sale_report,group_all_companies_user,1,0,0,0
ir.property.sales,base.model_ir_property,group_all_companies_user,1,0,0,0
account.journal sale order.user,account.model_account_journal,group_all_companies_user,1,0,0,0
res.partner.sale.user,account.model_res_partner,group_all_companies_user,1,0,0,0
res.partner.sale.manager,account.model_res_partner,group_all_companies_user,1,0,0,0
product.template sale use,account.model_product_template,group_all_companies_user,1,0,0,0
product.product sale use,drishti_crms.model_product_product,group_all_companies_user,1,0,0,0
account.journal sale order.user,crms_oe_connect.model_sale_shop,group_all_companies_user,1,0,0,0
account.fiscalyear.user,account.model_account_fiscalyear,group_all_companies_user,1,0,0,0
account.tax.user,account.model_account_tax,group_all_companies_user,1,0,0,0
ir.attachment.sales,base.model_ir_attachment,group_all_companies_user,1,0,0,0
ir.attachment.manager,base.model_ir_attachment,group_all_companies_user,1,0,0,0
res.partner.bank.type.user,base.model_res_partner_bank_type,group_all_companies_user,1,0,0,0
res.partner.bank.type.field.user,base.model_res_partner_bank_type_field,group_all_companies_user,1,0,0,0
product.uom.user,product.model_product_uom,group_all_companies_user,1,0,0,0
product.pricelist.sale.user,product.model_product_pricelist,group_all_companies_user,1,0,0,0
account_account salesman,account.model_account_account,group_all_companies_user,1,0,0,0
sale.shop.sale.user,crms_oe_connect.model_sale_shop,group_all_companies_user,1,0,0,0
sale.shop.sale.manager,crms_oe_connect.model_sale_shop,group_all_companies_user,1,0,0,0
product.uom.categ salemanager,product.model_product_uom_categ,group_all_companies_user,1,0,0,0
product.uom salemanager,product.model_product_uom,group_all_companies_user,1,0,0,0
product.ul salemanager,product.model_product_ul,group_all_companies_user,1,0,0,0
product.category salemanager,account.model_product_category,group_all_companies_user,1,0,0,0
product.supplierinfo.user,product.model_product_supplierinfo,group_all_companies_user,1,0,0,0
product.supplierinfo salemanager,product.model_product_supplierinfo,group_all_companies_user,1,0,0,0
pricelist.partnerinfo salemanager,product.model_pricelist_partnerinfo,group_all_companies_user,1,0,0,0
product.price.type salemanager,product.model_product_price_type,group_all_companies_user,1,0,0,0
product.pricelist.type salemanager,product.model_product_pricelist_type,group_all_companies_user,1,0,0,0
product.pricelist salemanager,product.model_product_pricelist,group_all_companies_user,1,0,0,0
res_partner group_sale_manager,account.model_res_partner,group_all_companies_user,1,0,0,0
product.pricelist.version sale_manager,product.model_product_pricelist_version,group_all_companies_user,1,0,0,0
account.invoice.report salesman,account.model_account_invoice_report,group_all_companies_user,1,0,0,0
account.move.line invoice,account.model_account_move_line,group_all_companies_user,1,0,0,0
sale.order,portal_sale.model_sale_order,group_all_companies_user,1,0,0,0
sale.order.line,sale.model_sale_order_line,group_all_companies_user,1,0,0,0
account.invoice,account.model_account_invoice,group_all_companies_user,1,0,0,0
account.invoice.tax,account.model_account_invoice_tax,group_all_companies_user,1,0,0,0
account.invoice.line,account.model_account_invoice_line,group_all_companies_user,1,0,0,0
account.journal,account.model_account_journal,group_all_companies_user,1,0,0,0
account.voucher,account_voucher.model_account_voucher,group_all_companies_user,1,0,0,0
account.voucher.line,account_voucher.model_account_voucher_line,group_all_companies_user,1,0,0,0
account.move,account.model_account_move,group_all_companies_user,1,0,0,0
account.move.line,account.model_account_move_line,group_all_companies_user,1,0,0,0
account.move.reconcile,account.model_account_move_reconcile,group_all_companies_user,1,0,0,0
account.fiscalyear,account.model_account_fiscalyear,group_all_companies_user,1,0,0,0
sale.shop,crms_oe_connect.model_sale_shop,group_all_companies_user,1,0,0,0
product.pricelist,product.model_product_pricelist,group_all_companies_user,1,0,0,0
res.partner,account.model_res_partner,group_all_companies_user,1,0,0,0
account.tax,account.model_account_tax,group_all_companies_user,1,0,0,0
res.partner.category,base.model_res_partner_category,group_all_companies_user,1,0,0,0
account.period,account.model_account_period,group_all_companies_user,1,0,0,0
account.account,account.model_account_account,group_all_companies_user,1,0,0,0
resource.calendar,resource.model_resource_calendar,group_all_companies_user,1,0,0,0
resource.calendar.attendance,resource.model_resource_calendar_attendance,group_all_companies_user,1,0,0,0
resource.resource,resource.model_resource_resource,group_all_companies_user,1,0,0,0
resource.resource all,resource.model_resource_resource,group_all_companies_user,1,0,0,0
resource.calendar.leaves,hr_holidays.model_resource_calendar_leaves,group_all_companies_user,1,0,0,0
project.project,portal_project.model_project_project,group_all_companies_user,1,0,0,0
project.project,portal_project.model_project_project,group_all_companies_user,1,0,0,0
account.analytic.account,afras_import_analitical_account.model_account_analytic_account,group_all_companies_user,1,0,0,0
account.analytic.account,afras_import_analitical_account.model_account_analytic_account,group_all_companies_user,1,0,0,0
project.task.type user,project.model_project_task_type,group_all_companies_user,1,0,0,0
project.task,project.model_project_task,group_all_companies_user,1,0,0,0
project.task.work,project.model_project_task_work,group_all_companies_user,1,0,0,0
report.project.task.user,project.model_report_project_task_user,group_all_companies_user,1,0,0,0
base.res.partner user,account.model_res_partner,group_all_companies_user,1,0,0,0
project.task on partners,project.model_project_task,group_all_companies_user,1,0,0,0
project.project on partners,portal_project.model_project_project,group_all_companies_user,1,0,0,0
project.task salesman,project.model_project_task,group_all_companies_user,1,0,0,0
project.task.type salesman,project.model_project_task_type,group_all_companies_user,1,0,0,0
project.task.history salesman,project.model_project_task_history,group_all_companies_user,1,0,0,0
project.project salesman,portal_project.model_project_project,group_all_companies_user,1,0,0,0
account.analytic.line project,account.model_account_analytic_line,group_all_companies_user,1,0,0,0
project.task.history project,project.model_project_task_history,group_all_companies_user,1,0,0,0
project.task.history project,project.model_project_task_history_cumulative,group_all_companies_user,1,0,0,0
project.resource_calendar manager,resource.model_resource_calendar,group_all_companies_user,1,0,0,0
project.project_category,project.model_project_category,group_all_companies_user,1,0,0,0
project.project_category,project.model_project_category,group_all_companies_user,1,0,0,0
project,portal_project.model_project_project,group_all_companies_user,1,0,0,0
task,project.model_project_task,group_all_companies_user,1,0,0,0
task_type,project.model_project_task_type,group_all_companies_user,1,0,0,0
task_work,project.model_project_task_work,group_all_companies_user,1,0,0,0
project_category,project.model_project_category,group_all_companies_user,1,0,0,0
account_analytic_account,afras_import_analitical_account.model_account_analytic_account,group_all_companies_user,1,0,0,0
project,portal_project.model_project_project,group_all_companies_user,1,0,0,0
task,project.model_project_task,group_all_companies_user,1,0,0,0
task_type,project.model_project_task_type,group_all_companies_user,1,0,0,0
task_work,project.model_project_task_work,group_all_companies_user,1,0,0,0
project_category,project.model_project_category,group_all_companies_user,1,0,0,0
account_analytic_account,afras_import_analitical_account.model_account_analytic_account,group_all_companies_user,1,0,0,0
stock.incoterms all,stock.model_stock_incoterms,group_all_companies_user,1,0,0,0
stock.incoterms manager,stock.model_stock_incoterms,group_all_companies_user,1,0,0,0
stock.warehouse.manager,stock.model_stock_warehouse,group_all_companies_user,1,0,0,0
stock.warehouse.user,stock.model_stock_warehouse,group_all_companies_user,1,0,0,0
stock.location.partner.manager,stock.model_stock_location,group_all_companies_user,1,0,0,0
stock.location.manager,stock.model_stock_location,group_all_companies_user,1,0,0,0
stock.location.user,stock.model_stock_location,group_all_companies_user,1,0,0,0
stock.journal.user,stock.model_stock_journal,group_all_companies_user,1,0,0,0
stock.journal.manager,stock.model_stock_journal,group_all_companies_user,1,0,0,0
stock.tracking user,stock.model_stock_tracking,group_all_companies_user,1,0,0,0
stock.tracking manager,stock.model_stock_tracking,group_all_companies_user,1,0,0,0
stock.tracking sales.user,stock.model_stock_tracking,group_all_companies_user,1,0,0,0
stock.picking user,drishti_crms.model_stock_picking,group_all_companies_user,1,0,0,0
stock.picking.in,purchase.model_stock_picking_in,group_all_companies_user,1,0,0,0
stock.picking.out,sale_stock.model_stock_picking_out,group_all_companies_user,1,0,0,0
stock.picking manager,drishti_crms.model_stock_picking,group_all_companies_user,1,0,0,0
stock.picking.in manager,purchase.model_stock_picking_in,group_all_companies_user,1,0,0,0
stock.picking.out manager,sale_stock.model_stock_picking_out,group_all_companies_user,1,0,0,0
stock.production.lot manager,drishti_crms.model_stock_production_lot,group_all_companies_user,1,0,0,0
stock.production.lot user,drishti_crms.model_stock_production_lot,group_all_companies_user,1,0,0,0
stock.production.lot.revision,stock.model_stock_production_lot_revision,group_all_companies_user,1,0,0,0
stock.move manager,procurement.model_stock_move,group_all_companies_user,1,0,0,0
stock.move user,procurement.model_stock_move,group_all_companies_user,1,0,0,0
stock.inventory user,stock.model_stock_inventory,group_all_companies_user,1,0,0,0
stock.inventory manager,stock.model_stock_inventory,group_all_companies_user,1,0,0,0
stock.inventory.line user,stock.model_stock_inventory_line,group_all_companies_user,1,0,0,0
stock.inventory.line manager,stock.model_stock_inventory_line,group_all_companies_user,1,0,0,0
stock.report.prodlots,stock.model_stock_report_prodlots,group_all_companies_user,1,0,0,0
stock.location sale manager,stock.model_stock_location,group_all_companies_user,1,0,0,0
stock.location stock manager,stock.model_stock_location,group_all_companies_user,1,0,0,0
report.stock.lines.date user,stock.model_report_stock_lines_date,group_all_companies_user,1,0,0,0
report.stock.lines.date manager,stock.model_report_stock_lines_date,group_all_companies_user,1,0,0,0
stock.report.tracklots,stock.model_stock_report_tracklots,group_all_companies_user,1,0,0,0
report.stock.move user,stock.model_report_stock_move,group_all_companies_user,1,0,0,0
report.stock.move manager,stock.model_report_stock_move,group_all_companies_user,1,0,0,0
report.stock.inventory user,stock.model_report_stock_inventory,group_all_companies_user,1,0,0,0
product_product_stock_user,drishti_crms.model_product_product,group_all_companies_user,1,0,0,0
product.template stock user,account.model_product_template,group_all_companies_user,1,0,0,0
account.invoice stock user,account.model_account_invoice,group_all_companies_user,1,0,0,0
account.invoice.line stock user,account.model_account_invoice_line,group_all_companies_user,1,0,0,0
account.invoice.tax stock user,account.model_account_invoice_tax,group_all_companies_user,1,0,0,0
account.journal stock user,account.model_account_journal,group_all_companies_user,1,0,0,0
account.fiscalyear stock user,account.model_account_fiscalyear,group_all_companies_user,1,0,0,0
product.pricelist.item salemanager,product.model_product_pricelist_item,group_all_companies_user,1,0,0,0
product.uom.categ stock_manager,product.model_product_uom_categ,group_all_companies_user,1,0,0,0
product.uom stock_manager,product.model_product_uom,group_all_companies_user,1,0,0,0
product.ul stock_manager,product.model_product_ul,group_all_companies_user,1,0,0,0
product.category stock_manager,account.model_product_category,group_all_companies_user,1,0,0,0
product.template stock_manager,account.model_product_template,group_all_companies_user,1,0,0,0
product.product stock_manager,drishti_crms.model_product_product,group_all_companies_user,1,0,0,0
product.packaging stock_manager,product.model_product_packaging,group_all_companies_user,1,0,0,0
product.supplierinfo stock_manager,product.model_product_supplierinfo,group_all_companies_user,1,0,0,0
pricelist.partnerinfo stock_manager,product.model_pricelist_partnerinfo,group_all_companies_user,1,0,0,0
product.price.type stock_manager,product.model_product_price_type,group_all_companies_user,1,0,0,0
product.pricelist.type stock_manager,product.model_product_pricelist_type,group_all_companies_user,1,0,0,0
product.pricelist stock_manager,product.model_product_pricelist,group_all_companies_user,1,0,0,0
ir_property group_stock_manager,base.model_ir_property,group_all_companies_user,1,0,0,0
res_partner group_stock_manager,account.model_res_partner,group_all_companies_user,1,0,0,0
product.pricelist.version stock_manager,product.model_product_pricelist_version,group_all_companies_user,1,0,0,0
product.pricelist.item stock_manager,product.model_product_pricelist_item,group_all_companies_user,1,0,0,0
account.account stock manager,account.model_account_account,group_all_companies_user,1,0,0,0
board.board user,board.model_board_board,group_all_companies_user,1,0,0,0
procurement.order,procurement.model_procurement_order,group_all_companies_user,1,0,0,0
procurement.order stock.user,procurement.model_procurement_order,group_all_companies_user,1,0,0,0
stock.warehouse.orderpoint,procurement.model_stock_warehouse_orderpoint,group_all_companies_user,1,0,0,0
stock.warehouse.orderpoint system,procurement.model_stock_warehouse_orderpoint,group_all_companies_user,1,0,0,0
mrp.property.group,procurement.model_mrp_property_group,group_all_companies_user,1,0,0,0
mrp.property,procurement.model_mrp_property,group_all_companies_user,1,0,0,0
purchase.order,drishti_crms.model_purchase_order,group_all_companies_user,1,0,0,0
purchase.order,drishti_crms.model_purchase_order,group_all_companies_user,1,0,0,0
purchase.order.line user,purchase.model_purchase_order_line,group_all_companies_user,1,0,0,0
purchase.order.line,purchase.model_purchase_order_line,group_all_companies_user,1,0,0,0
stock.location,stock.model_stock_location,group_all_companies_user,1,0,0,0
stock.warehouse,stock.model_stock_warehouse,group_all_companies_user,1,0,0,0
stock.picking,drishti_crms.model_stock_picking,group_all_companies_user,1,0,0,0
stock.move,procurement.model_stock_move,group_all_companies_user,1,0,0,0
purchase.order,drishti_crms.model_purchase_order,group_all_companies_user,1,0,0,0
purchase.order.line,purchase.model_purchase_order_line,group_all_companies_user,1,0,0,0
account.tax,account.model_account_tax,group_all_companies_user,1,0,0,0
purchase.report,purchase.model_purchase_report,group_all_companies_user,1,0,0,0
purchase.report user,purchase.model_purchase_report,group_all_companies_user,1,0,0,0
stock.location,stock.model_stock_location,group_all_companies_user,1,0,0,0
stock.warehouse,stock.model_stock_warehouse,group_all_companies_user,1,0,0,0
stock.picking,drishti_crms.model_stock_picking,group_all_companies_user,1,0,0,0
stock.move,procurement.model_stock_move,group_all_companies_user,1,0,0,0
account.tax,account.model_account_tax,group_all_companies_user,1,0,0,0
product.product.purchase.user,drishti_crms.model_product_product,group_all_companies_user,1,0,0,0
product.product purchase_manager,drishti_crms.model_product_product,group_all_companies_user,1,0,0,0
product.template purchase_user,account.model_product_template,group_all_companies_user,1,0,0,0
product.template purchase_manager,account.model_product_template,group_all_companies_user,1,0,0,0
account_invoice purchase,account.model_account_invoice,group_all_companies_user,1,0,0,0
account_invoice.line purchase,account.model_account_invoice_line,group_all_companies_user,1,0,0,0
account_invoice purchase manager,account.model_account_invoice,group_all_companies_user,1,0,0,0
account_invoice.line purchase manager,account.model_account_invoice_line,group_all_companies_user,1,0,0,0
account_invoice.tax purchase,account.model_account_invoice_tax,group_all_companies_user,1,0,0,0
account.fiscal.position purchase,account.model_account_fiscal_position,group_all_companies_user,1,0,0,0
account.sequence.fiscalyear purchase,account.model_account_sequence_fiscalyear,group_all_companies_user,1,0,0,0
res.partner purchase,account.model_res_partner,group_all_companies_user,1,0,0,0
account.journal.period,account.model_account_journal_period,group_all_companies_user,1,0,0,0
account.journal,account.model_account_journal,group_all_companies_user,1,0,0,0
account.journal,account.model_account_journal,group_all_companies_user,1,0,0,0
account.period,account.model_account_period,group_all_companies_user,1,0,0,0
account.fiscalyear,account.model_account_fiscalyear,group_all_companies_user,1,0,0,0
account.move,account.model_account_move,group_all_companies_user,1,0,0,0
account.move.line,account.model_account_move_line,group_all_companies_user,1,0,0,0
account.analytic.line,account.model_account_analytic_line,group_all_companies_user,1,0,0,0
account.move.reconcile,account.model_account_move_reconcile,group_all_companies_user,1,0,0,0
report.stock.move.manager,stock.model_report_stock_move,group_all_companies_user,1,0,0,0
report.stock.move.user,stock.model_report_stock_move,group_all_companies_user,1,0,0,0
stock.production.lot user,drishti_crms.model_stock_production_lot,group_all_companies_user,1,0,0,0
stock.production.lot.revision,stock.model_stock_production_lot_revision,group_all_companies_user,1,0,0,0
res.partner.purchase.manager,account.model_res_partner,group_all_companies_user,1,0,0,0
product.uom.categ purchase_manager,product.model_product_uom_categ,group_all_companies_user,1,0,0,0
product.uom purchase_manager,product.model_product_uom,group_all_companies_user,1,0,0,0
product.ul purchase_manager,product.model_product_ul,group_all_companies_user,1,0,0,0
product.category purchase_manager,account.model_product_category,group_all_companies_user,1,0,0,0
product.packaging purchase_manager,product.model_product_packaging,group_all_companies_user,1,0,0,0
product.supplierinfo purchase_manager,product.model_product_supplierinfo,group_all_companies_user,1,0,0,0
pricelist.partnerinfo purchase_manager,product.model_pricelist_partnerinfo,group_all_companies_user,1,0,0,0
product.price.type purchase_manager,product.model_product_price_type,group_all_companies_user,1,0,0,0
product.pricelist.type purchase_manager,product.model_product_pricelist_type,group_all_companies_user,1,0,0,0
product.pricelist purchase_manager,product.model_product_pricelist,group_all_companies_user,1,0,0,0
ir_property group_purchase_manager,base.model_ir_property,group_all_companies_user,1,0,0,0
res_partner group_purchase_manager,account.model_res_partner,group_all_companies_user,1,0,0,0
product.pricelist.version purchase_manager,product.model_product_pricelist_version,group_all_companies_user,1,0,0,0
product.pricelist.item purchase_manager,product.model_product_pricelist_item,group_all_companies_user,1,0,0,0
account.account purchase manager,account.model_account_account,group_all_companies_user,1,0,0,0
account.journal purchase manager,account.model_account_journal,group_all_companies_user,1,0,0,0
stock.tracking purchase.user,stock.model_stock_tracking,group_all_companies_user,1,0,0,0
stock.location purchase manager,stock.model_stock_location,group_all_companies_user,1,0,0,0
stock.warehouse.orderpoint,procurement.model_stock_warehouse_orderpoint,group_all_companies_user,1,0,0,0
stock_picking salesman,drishti_crms.model_stock_picking,group_all_companies_user,1,0,0,0
stock_move salesman,procurement.model_stock_move,group_all_companies_user,1,0,0,0
stock_move manager,procurement.model_stock_move,group_all_companies_user,1,0,0,0
procurement.order salesman,procurement.model_procurement_order,group_all_companies_user,1,0,0,0
procurement.order manager,procurement.model_procurement_order,group_all_companies_user,1,0,0,0
sale.order stock worker,portal_sale.model_sale_order,group_all_companies_user,1,0,0,0
sale.order.line stock worker,sale.model_sale_order_line,group_all_companies_user,1,0,0,0
report.stock.move.sale,stock.model_report_stock_move,group_all_companies_user,1,0,0,0
stock.picking.sales,drishti_crms.model_stock_picking,group_all_companies_user,1,0,0,0
product.packaging.user,product.model_product_packaging,group_all_companies_user,1,0,0,0
product.packaging.manager,product.model_product_packaging,group_all_companies_user,1,0,0,0
stock.warehouse.user,stock.model_stock_warehouse,group_all_companies_user,1,0,0,0
stock.location.user,stock.model_stock_location,group_all_companies_user,1,0,0,0
product.packaging salemanager,product.model_product_packaging,group_all_companies_user,1,0,0,0
stock.warehouse.orderpoint,procurement.model_stock_warehouse_orderpoint,group_all_companies_user,1,0,0,0
stock.picking,drishti_crms.model_stock_picking,group_all_companies_user,1,0,0,0
stock.picking.out,sale_stock.model_stock_picking_out,group_all_companies_user,1,0,0,0
stock.move,procurement.model_stock_move,group_all_companies_user,1,0,0,0
stock.warehouse.orderpoint,procurement.model_stock_warehouse_orderpoint,group_all_companies_user,1,0,0,0
account.asset.category,account_asset.model_account_asset_category,group_all_companies_user,1,0,0,0
account.asset.asset,account_asset.model_account_asset_asset,group_all_companies_user,1,0,0,0
account.asset.history,account_asset.model_account_asset_history,group_all_companies_user,1,0,0,0
account.asset.category,account_asset.model_account_asset_category,group_all_companies_user,1,0,0,0
account.asset.asset,account_asset.model_account_asset_asset,group_all_companies_user,1,0,0,0
account.asset.history,account_asset.model_account_asset_history,group_all_companies_user,1,0,0,0
account.asset.depreciation.line,account_asset.model_account_asset_depreciation_line,group_all_companies_user,1,0,0,0
account.asset.depreciation.line,account_asset.model_account_asset_depreciation_line,group_all_companies_user,1,0,0,0
asset.asset.report,account_asset.model_asset_asset_report,group_all_companies_user,1,0,0,0
asset.asset.report,account_asset.model_asset_asset_report,group_all_companies_user,1,0,0,0
hr.employee.category.user,hr.model_hr_employee_category,group_all_companies_user,1,0,0,0
hr.employee.category.emp,hr.model_hr_employee_category,group_all_companies_user,1,0,0,0
hr.employee user,hr.model_hr_employee,group_all_companies_user,1,0,0,0
hr.employee system user,hr.model_hr_employee,group_all_companies_user,1,0,0,0
resource.resource.user,resource.model_resource_resource,group_all_companies_user,1,0,0,0
hr.department.user,hr.model_hr_department,group_all_companies_user,1,0,0,0
hr.department.employee,hr.model_hr_department,group_all_companies_user,1,0,0,0
hr.job user,hr.model_hr_job,group_all_companies_user,1,0,0,0
ir_property hr_user,base.model_ir_property,group_all_companies_user,1,0,0,0
base.action.rule,base_action_rule.model_base_action_rule,group_all_companies_user,1,0,0,0
base.action.rule config,base_action_rule.model_base_action_rule,group_all_companies_user,1,0,0,0
calendar.attendee,base_calendar.model_calendar_attendee,group_all_companies_user,1,0,0,0
calendar.alarm,base_calendar.model_calendar_alarm,group_all_companies_user,1,0,0,0
res.alarm,base_calendar.model_res_alarm,group_all_companies_user,1,0,0,0
calendar.todo,base_calendar.model_calendar_todo,group_all_companies_user,1,0,0,0
calendar.event,base_calendar.model_calendar_event,group_all_companies_user,1,0,0,0
calendar.attendee,base_calendar.model_calendar_attendee,group_all_companies_user,1,0,0,0
crm.meeting.manager,base_calendar.model_crm_meeting,group_all_companies_user,1,0,0,0
crm.meeting,base_calendar.model_crm_meeting,group_all_companies_user,1,0,0,0
crm.meeting_allll,base_calendar.model_crm_meeting,group_all_companies_user,1,0,0,0
crm.meeting.partner.manager,base_calendar.model_crm_meeting,group_all_companies_user,1,0,0,0
crm.meeting.type.manager,base_calendar.model_crm_meeting_type,group_all_companies_user,1,0,0,0
crm.meeting.type.salesman,base_calendar.model_crm_meeting_type,group_all_companies_user,1,0,0,0
crm.meeting.type.manager,base_calendar.model_crm_meeting_type,group_all_companies_user,1,0,0,0
hr.employee.resource.manager,resource.model_resource_resource,group_all_companies_user,1,0,0,0
hr.employee.resource.calendar.user,resource.model_resource_calendar,group_all_companies_user,1,0,0,0
hr.contract.type.manager,hr_contract.model_hr_contract_type,group_all_companies_user,1,0,0,0
hr.contract.manager,hr_contract.model_hr_contract,group_all_companies_user,1,0,0,0
hr.holidays.status user,hr_holidays.model_hr_holidays_status,group_all_companies_user,1,0,0,0
hr.holidays.user,hr_holidays.model_hr_holidays,group_all_companies_user,1,0,0,0
hr.holidays.employee,hr_holidays.model_hr_holidays,group_all_companies_user,1,0,0,0
hr.holidays.status employee,hr_holidays.model_hr_holidays_status,group_all_companies_user,1,0,0,0
hr.holidays.ramain.user,hr_holidays.model_hr_holidays_remaining_leaves_user,group_all_companies_user,1,0,0,0
resource_calendar_leaves_user,hr_holidays.model_resource_calendar_leaves,group_all_companies_user,1,0,0,0
crm.meeting.type.manager,base_calendar.model_crm_meeting_type,group_all_companies_user,1,0,0,0
hr.payroll.structure,hr_payroll.model_hr_payroll_structure,group_all_companies_user,1,0,0,0
hr.contribution.register,hr_payroll.model_hr_contribution_register,group_all_companies_user,1,0,0,0
hr.salary.rule.category,hr_payroll.model_hr_salary_rule_category,group_all_companies_user,1,0,0,0
hr.payslip,hr_payroll.model_hr_payslip,group_all_companies_user,1,0,0,0
hr.payslip.line,hr_payroll.model_hr_payslip_line,group_all_companies_user,1,0,0,0
hr.payslip.input.user,hr_payroll.model_hr_payslip_input,group_all_companies_user,1,0,0,0
hr.payslip.worked_days,hr_payroll.model_hr_payslip_worked_days,group_all_companies_user,1,0,0,0
hr.payslip.run,hr_payroll.model_hr_payslip_run,group_all_companies_user,1,0,0,0
hr.rule.input,hr_payroll.model_hr_rule_input,group_all_companies_user,1,0,0,0
hr.salary.rule.user,hr_payroll.model_hr_salary_rule,group_all_companies_user,1,0,0,0
hr.expense.expense.user,hr_expense.model_hr_expense_expense,group_all_companies_user,1,0,0,0
hr.expense.expense.employee,hr_expense.model_hr_expense_expense,group_all_companies_user,1,0,0,0
hr.expense.line.user,hr_expense.model_hr_expense_line,group_all_companies_user,1,0,0,0
hr.expense.line.employee,hr_expense.model_hr_expense_line,group_all_companies_user,1,0,0,0
hr.expense.report.manager,hr_expense.model_hr_expense_report,group_all_companies_user,1,0,0,0
product.product.hr.expense.user,drishti_crms.model_product_product,group_all_companies_user,1,0,0,0
product.template.hr.expense.user,account.model_product_template,group_all_companies_user,1,0,0,0
product.uom.hr.expense.user,product.model_product_uom,group_all_companies_user,1,0,0,0
product.price.type.user,product.model_product_price_type,group_all_companies_user,1,0,0,0
account.journal.user,account.model_account_journal,group_all_companies_user,1,0,0,0
account.journal.employee,account.model_account_journal,group_all_companies_user,1,0,0,0
account.invoice.user,account.model_account_invoice,group_all_companies_user,1,0,0,0
account.invoice.line.user,account.model_account_invoice_line,group_all_companies_user,1,0,0,0
account.ianalytic.journal.user,account.model_account_analytic_journal,group_all_companies_user,1,0,0,0
account.invoice.tax.user,account.model_account_invoice_tax,group_all_companies_user,1,0,0,0
account.period.user,account.model_account_period,group_all_companies_user,1,0,0,0
account.fiscalyear.user,account.model_account_fiscalyear,group_all_companies_user,1,0,0,0
account.move.user,account.model_account_move,group_all_companies_user,1,0,0,0
account.move.line.user,account.model_account_move_line,group_all_companies_user,1,0,0,0
account.ianalytic.line.user,account.model_account_analytic_line,group_all_companies_user,1,0,0,0
account.journal.period.manager,account.model_account_journal_period,group_all_companies_user,1,0,0,0
res_company_ldap,auth_ldap.model_res_company_ldap,group_all_companies_user,1,0,0,0
base.import.tests.models.char,base_import.model_base_import_tests_models_char,group_all_companies_user,1,0,0,0
base.import.tests.models.char.required,base_import.model_base_import_tests_models_char_required,group_all_companies_user,1,0,0,0
base.import.tests.models.char.readonly,base_import.model_base_import_tests_models_char_readonly,group_all_companies_user,1,0,0,0
base.import.tests.models.char.states,base_import.model_base_import_tests_models_char_states,group_all_companies_user,1,0,0,0
base.import.tests.models.char.noreadonly,base_import.model_base_import_tests_models_char_noreadonly,group_all_companies_user,1,0,0,0
base.import.tests.models.char.stillreadonly,base_import.model_base_import_tests_models_char_stillreadonly,group_all_companies_user,1,0,0,0
base.import.tests.models.m2o,base_import.model_base_import_tests_models_m2o,group_all_companies_user,1,0,0,0
base.import.tests.models.m2o.related,base_import.model_base_import_tests_models_m2o_related,group_all_companies_user,1,0,0,0
base.import.tests.models.m2o.required,base_import.model_base_import_tests_models_m2o_required,group_all_companies_user,1,0,0,0
base.import.tests.models.m2o.required.related,base_import.model_base_import_tests_models_m2o_required_related,group_all_companies_user,1,0,0,0
base.import.tests.models.o2m,base_import.model_base_import_tests_models_o2m,group_all_companies_user,1,0,0,0
base.import.tests.models.o2m.child,base_import.model_base_import_tests_models_o2m_child,group_all_companies_user,1,0,0,0
base.import.tests.models.preview,base_import.model_base_import_tests_models_preview,group_all_companies_user,1,0,0,0
Information of vehicle,crms_oe_connect.model_fleet_vehicle,group_all_companies_user,1,0,0,0
Vehicle Model,crms_oe_connect.model_fleet_vehicle_model,group_all_companies_user,1,0,0,0
Fleet Type,crms_oe_connect.model_fleet_type,group_all_companies_user,1,0,0,0
Brand model of the vehicle,crms_oe_connect.model_fleet_vehicle_model_brand,group_all_companies_user,1,0,0,0
Sales Shop,crms_oe_connect.model_sale_shop,group_all_companies_user,1,0,0,0
Area,crms_oe_connect.model_res_city_area,group_all_companies_user,1,0,0,0
City,crms_oe_connect.model_res_state_city,group_all_companies_user,1,0,0,0
Country state,base.model_res_country_state,group_all_companies_user,1,0,0,0
Country,base.model_res_country,group_all_companies_user,1,0,0,0
Currency,account.model_res_currency,group_all_companies_user,1,0,0,0
Partner,account.model_res_partner,group_all_companies_user,1,0,0,0
CRMS Payment,crms_oe_connect.model_crms_payment,group_all_companies_user,1,0,0,0
revenue.report,afras_revenue_report.model_revenue_report,group_all_companies_user,1,0,0,0
survey.type.manager,survey.model_survey_type,group_all_companies_user,1,0,0,0
survey.request manager,survey.model_survey_request,group_all_companies_user,1,0,0,0
survey.tbl.column.heading manager,survey.model_survey_tbl_column_heading,group_all_companies_user,1,0,0,0
survey.res.partner.user,account.model_res_partner,group_all_companies_user,1,0,0,0
survey.user,survey.model_survey,group_all_companies_user,1,0,0,0
survey.page user,survey.model_survey_page,group_all_companies_user,1,0,0,0
survey.question user,survey.model_survey_question,group_all_companies_user,1,0,0,0
survey.answer user,survey.model_survey_answer,group_all_companies_user,1,0,0,0
survey.response user,survey.model_survey_response,group_all_companies_user,1,0,0,0
survey.response.answer user,survey.model_survey_response_answer,group_all_companies_user,1,0,0,0
survey.history.user,survey.model_survey_history,group_all_companies_user,1,0,0,0
survey.response.line user,survey.model_survey_response_line,group_all_companies_user,1,0,0,0
survey.survey.user,survey.model_survey,group_all_companies_user,1,0,0,0
survey.page.survey.user,survey.model_survey_page,group_all_companies_user,1,0,0,0
survey.question.survey.user,survey.model_survey_question,group_all_companies_user,1,0,0,0
survey.answer.survey.user,survey.model_survey_answer,group_all_companies_user,1,0,0,0
survey.response.survey.user,survey.model_survey_response,group_all_companies_user,1,0,0,0
survey.response.answer.survey.user,survey.model_survey_response_answer,group_all_companies_user,1,0,0,0
survey.history.survey.user,survey.model_survey_history,group_all_companies_user,1,0,0,0
survey.response.line.survey.user,survey.model_survey_response_line,group_all_companies_user,1,0,0,0
survey.question.column.heading.survey.user,survey.model_survey_question_column_heading,group_all_companies_user,1,0,0,0
survey.question.column.heading user,survey.model_survey_question_column_heading,group_all_companies_user,1,0,0,0
hr.applicant.user,hr_recruitment.model_hr_applicant,group_all_companies_user,1,0,0,0
hr.recruitment.report,hr_recruitment.model_hr_recruitment_report,group_all_companies_user,1,0,0,0
hr.recruitment.stage.user,hr_recruitment.model_hr_recruitment_stage,group_all_companies_user,1,0,0,0
hr.recruitment.degree,hr_recruitment.model_hr_recruitment_degree,group_all_companies_user,1,0,0,0
res.partner.user,account.model_res_partner,group_all_companies_user,1,0,0,0
survey.hr.user,survey.model_survey,group_all_companies_user,1,0,0,0
crm.meeting.hruser,base_calendar.model_crm_meeting,group_all_companies_user,1,0,0,0
hr.recruitment.source,hr_recruitment.model_hr_recruitment_source,group_all_companies_user,1,0,0,0
hr.recruitment.source,hr_recruitment.model_hr_recruitment_source,group_all_companies_user,1,0,0,0
hr.applicant_category,hr_recruitment.model_hr_applicant_category,group_all_companies_user,1,0,0,0
hr.applicant_category,hr_recruitment.model_hr_applicant_category,group_all_companies_user,1,0,0,0
account.sequence.fiscalyear,account.model_account_sequence_fiscalyear,group_all_companies_user,1,0,0,0
Email Thread,mail.model_mail_thread,group_all_companies_user,1,0,0,0
Project,portal_project.model_project_project,group_all_companies_user,1,0,0,0
Companies,account.model_res_company,group_all_companies_user,1,0,0,0
fleet.analytic.account,drishti_crms.model_fleet_analytic_account,group_all_companies_user,1,0,0,0
Odometer log for a vehicle,crms_oe_connect.model_fleet_vehicle_odometer,group_all_companies_user,1,0,0,0
Message,base_calendar.model_mail_message,group_all_companies_user,1,0,0,0
Employee,hr.model_hr_employee,group_all_companies_user,1,0,0,0
Users,auth_ldap.model_res_users,group_all_companies_user,1,0,0,0
Analytic Account,afras_import_analitical_account.model_account_analytic_account,group_all_companies_user,1,0,0,0
res.company,account.model_res_company,group_all_companies_user,1,0,0,0
crm.segmentation user,crm.model_crm_segmentation,group_all_companies_user,1,0,0,0
crm.segmentation.line user,crm.model_crm_segmentation_line,group_all_companies_user,1,0,0,0
crm.segmentation,crm.model_crm_segmentation,group_all_companies_user,1,0,0,0
crm.segmentation.line,crm.model_crm_segmentation_line,group_all_companies_user,1,0,0,0
crm.case.channel user,crm.model_crm_case_channel,group_all_companies_user,1,0,0,0
crm.case.channel manager,crm.model_crm_case_channel,group_all_companies_user,1,0,0,0
crm.case.section,crm.model_crm_case_section,group_all_companies_user,1,0,0,0
crm.case.categ,crm.model_crm_case_categ,group_all_companies_user,1,0,0,0
crm.lead.manager,crm.model_crm_lead,group_all_companies_user,1,0,0,0
crm.phonecall.manager,crm.model_crm_phonecall,group_all_companies_user,1,0,0,0
crm.lead,crm.model_crm_lead,group_all_companies_user,1,0,0,0
crm.phonecall,crm.model_crm_phonecall,group_all_companies_user,1,0,0,0
crm.case.section.user,crm.model_crm_case_section,group_all_companies_user,1,0,0,0
crm.case.section.manager,crm.model_crm_case_section,group_all_companies_user,1,0,0,0
crm.case.stage,crm.model_crm_case_stage,group_all_companies_user,1,0,0,0
crm.case.stage,crm.model_crm_case_stage,group_all_companies_user,1,0,0,0
crm_case_resource_type user,crm.model_crm_case_resource_type,group_all_companies_user,1,0,0,0
crm_case_resource_type manager,crm.model_crm_case_resource_type,group_all_companies_user,1,0,0,0
crm.phonecall.report.user,crm.model_crm_phonecall_report,group_all_companies_user,1,0,0,0
crm.phonecall.report,crm.model_crm_phonecall_report,group_all_companies_user,1,0,0,0
res.partner.crm.manager,account.model_res_partner,group_all_companies_user,1,0,0,0
res.partner.category.crm.manager,base.model_res_partner_category,group_all_companies_user,1,0,0,0
calendar.attendee.crm.user,base_calendar.model_calendar_attendee,group_all_companies_user,1,0,0,0
calendar.attendee.crm.manager,base_calendar.model_calendar_attendee,group_all_companies_user,1,0,0,0
res.partner.crm.user,account.model_res_partner,group_all_companies_user,1,0,0,0
res.partner.category.crm.user,base.model_res_partner_category,group_all_companies_user,1,0,0,0
mail.thread,mail.model_mail_thread,group_all_companies_user,1,0,0,0
crm.case.categ manager,crm.model_crm_case_categ,group_all_companies_user,1,0,0,0
base.action.rule manager,base_action_rule.model_base_action_rule,group_all_companies_user,1,0,0,0
crm.lead.report user,crm.model_crm_lead_report,group_all_companies_user,1,0,0,0
res.partner.bank.type.crm.user,base.model_res_partner_bank_type,group_all_companies_user,1,0,0,0
crm.lead.partner.manager,crm.model_crm_lead,group_all_companies_user,1,0,0,0
crm.phonecall.partner.manager,crm.model_crm_phonecall,group_all_companies_user,1,0,0,0
crm.payment.mode,crm.model_crm_payment_mode,group_all_companies_user,1,0,0,0
crm.payment.mode,crm.model_crm_payment_mode,group_all_companies_user,1,0,0,0
hr.employee user,hr.model_hr_employee,group_all_companies_user,1,0,0,0
hr.employee user,hr.model_hr_employee,group_all_companies_user,1,0,0,0
Account Expense Line,drishti_crms.model_account_expense_line,group_all_companies_user,1,0,0,0
Supplier Account Invoice,Multicompany_billing.model_supplier_account_invoice,group_all_companies_user,1,0,0,0
Account Fiscal Journal,Multicompany_billing.model_account_fiscal_journal,group_all_companies_user,1,0,0,0
Fleet Analytical Account,drishti_crms.model_fleet_analytic_account,group_all_companies_user,1,0,0,0
Journal,account.model_account_journal,group_all_companies_user,1,0,0,0
account expences line,drishti_crms.model_account_expense_line,group_all_companies_user,1,0,0,0
fleet analytic account,drishti_crms.model_fleet_analytic_account,group_all_companies_user,1,0,0,0
account fiscal journal,Multicompany_billing.model_account_fiscal_journal,group_all_companies_user,1,0,0,0
Supplier account invoice,Multicompany_billing.model_supplier_account_invoice,group_all_companies_user,1,0,0,0
Area,crms_oe_connect.model_res_city_area,group_all_companies_user,1,0,0,0
Currency,account.model_res_currency,group_all_companies_user,1,0,0,0
Journal Items,account.model_account_move_line,group_all_companies_user,1,0,0,0
Partner,account.model_res_partner,group_all_companies_user,1,0,0,0
Companies,account.model_res_company,group_all_companies_user,1,0,0,0
account.fiscal.default.account,Multicompany_billing.model_account_fiscal_default_account,group_all_companies_user,1,0,0,0
account.asset.sub.category,asset_report.model_account_asset_sub_category,group_all_companies_user,1,0,0,0
Cost Center,asset_report.model_account_asset_cost_center,group_all_companies_user,1,0,0,0
account.afras.cost.distribution,model_account_afras_cost_distribution,,1,1,1,1
account.afras.cost.distribution.lines,model_account_afras_cost_distribution_lines,,1,1,1,1
account.multi.invoice,model_account_multi_invoice,,1,1,1,1
account.multi.invoice.line,model_account_multi_invoice_line,,1,1,1,1
fleet.analytic.account,model_fleet_analytic_account,,1,1,1,1
fleet.type,model_fleet_type,,1,1,1,1
fleet.vehicle.cost.distribution,model_fleet_vehicle_cost_distribution,,1,1,1,1
res.state.city,model_res_state_city,,1,1,1,1
res.city.area,model_res_city_area,,1,1,1,1
account.expense.line,model_account_expense_line,,1,1,1,1
